title,company,location,link
Python 인공지능(AI) 외 신입/경력의 전체 세부 정보,사회정보연구원,서울 은평구,https://kr.indeed.com//rc/clk?jk=b7fad584859458e4&bb=tk3KBJcZ3xW9fYgKP7JJ6P7G3nZxoO8gDCUXCt6fDKppWZR0g5ylca4o9RKxk972&xkcb=SoCn67M3Hgti-Fzk4Z0LbzkdCdPP&fccid=8da9b3751cf2e16c&vjs=3
파이썬(python) 백엔드 개발자의 전체 세부 정보,아토머스,서울 강남구,https://kr.indeed.com//rc/clk?jk=7e8499c0e2fe4afb&bb=4YV_0IIjEaS0PJ-a_W9XQQWVFvUV66C983V6_hI4_4HLQjNEzLuoOD58OYWbI8ie&xkcb=SoCd67M3Hgti-ETk4Z0KbzkdCdPP&fccid=660bbb21789ab63d&vjs=3
C/C++ Python 개발자 (보충역)의 전체 세부 정보,모빌테크,서울 서초구,https://kr.indeed.com//rc/clk?jk=af50d52066bfd50c&bb=4YV_0IIjEaQLSwKnqq_Ep_Up8X9QOav9DIqVLGidmehR7BJpzeOTA3ZYZFgIEqCQ&xkcb=SoC067M3Hgti-ETk4Z0IbzkdCdPP&fccid=b5cf24921581ae1e&vjs=3
Python application & Algorithm 개발자의 전체 세부 정보,메디픽셀,서울 강남구,https://kr.indeed.com//rc/clk?jk=5863f8f64ab04c1d&bb=VORVrOTzA8W4BaIFeofpJEwRr513FZvwj5j6h6cXpZ_NYY_tkHsKcJiC0yFSAZeI&xkcb=SoDY67M3Hgti-Ezk4Z0KbzkdCdPP&fccid=aba88c202493b8a5&vjs=3
데이터분석가 신입/경력의 전체 세부 정보,어니컴,서울 용산구,https://kr.indeed.com//rc/clk?jk=d4fe66a66e4604ae&bb=VORVrOTzA8VeK39sgOId72G0w0Sbs7t8_g4qiiRHF9d92a7vTKd2RaTD4KRo4tkL&xkcb=SoDx67M3Hgti-Ezk4Z0IbzkdCdPP&fccid=5c6ed722e9346a08&vjs=3
[AI] AI Researcher의 전체 세부 정보,현대오토에버,서울 강남구,https://kr.indeed.com//rc/clk?jk=74f5a02de0e62acf&bb=kRND3gKFHyTjmbAD2dl2GzyBg_WNcuZ6PwumWHxx4QKwK79otx57rlMTKThmJIPT&xkcb=SoCB67M3Hgti-HTk4Z0KbzkdCdPP&fccid=d5a22a3e93377742&vjs=3
백엔드 개발자(인턴십)의 전체 세부 정보,액스,서울 서초구,https://kr.indeed.com//rc/clk?jk=b7223c792bfcbcd4&bb=kRND3gKFHySA5lt9A1MNfA9dd4A7FPzboT6YakCD7i7TcbZT3GXTzCGk3im6nx8-&xkcb=SoCo67M3Hgti-HTk4Z0IbzkdCdPP&fccid=5013eca338141e7d&vjs=3
Python 백엔드 개발 경력자의 전체 세부 정보,블록스퀘어서울,서울 송파구,https://kr.indeed.com//rc/clk?jk=e6412414bd4dbdf0&bb=kRND3gKFHyTtQWk0lqpK0Yz4tEWgvzJzerZRE-R_df2P_MeRHcMryI1Jo_kE2XyG&xkcb=SoCS67M3Hgti-HTk4Z0ObzkdCdPP&fccid=72348558bd9456ba&vjs=3
백엔드/서버개발자 (신입/경력)의 전체 세부 정보,엔에스원소프트,서울 강남구,https://kr.indeed.com//rc/clk?jk=21ff1c456cede624&bb=-YRxwngImlWdy2pncianwa0wVDK-4PIumM-aShGfxqw7iWHLJT1_ovlAXF15Cyvm&xkcb=SoDE67M3Hgti-Hzk4Z0KbzkdCdPP&fccid=4cb5f3678194f0b7&vjs=3
[데브시스터즈] DevOps Engineer (신입)의 전체 세부 정보,데브시스터즈,서울 강남구,https://kr.indeed.com//rc/clk?jk=3058f7280a2e6644&bb=-YRxwngImlUrZcFz0afm3-q_V7bCLTQJ_knxsHAR-TkdQJEdKbHmUe-WsNzj2VCN&xkcb=SoDt67M3Hgti-Hzk4Z0IbzkdCdPP&fccid=58a9a803698a0afd&vjs=3
Python Backend Engineer의 전체 세부 정보,마인드에이아이,서울 중구,https://kr.indeed.com//rc/clk?jk=1d18acbd074015a7&bb=-YRxwngImlXzNWlworS3r16X6UKlIxcX4m0OhhHRVSLKO8oy2oHKH66ZpaR9tBTC&xkcb=SoDX67M3Hgti-Hzk4Z0ObzkdCdPP&fccid=6e36b32060404d12&vjs=3
대기업계열 모빌리티 데이터 분석 모델 개발 (신입/경력)의 전체 세부 정보,경연파트너스,서울 용산구,https://kr.indeed.com//rc/clk?jk=fc4ce8e7031b4ab0&bb=tGJAs0hr02Ptq6GiYzUipqF-dr1R6ndbUJsrnRfic-QNRzb4fYAmQAsWEGXP339h&xkcb=SoBK67M3Hgti-GTk4Z0KbzkdCdPP&fccid=0f76eb1d9acd6c10&vjs=3
파이썬 백엔드 개발자 (Python Backend Engineer)의 전체 세부 정보,휴레이포지티브,서울 강남구,https://kr.indeed.com//rc/clk?jk=870411c0f7a8ae7c&bb=tGJAs0hr02O5xFQn79dwUlnoQIEYsO7F7rApL7reO9cbGEcuD_DR553YhoHYOVd-&xkcb=SoBj67M3Hgti-GTk4Z0IbzkdCdPP&fccid=9f7671105b7ffbe3&vjs=3
영상 기반 AI 연구원의 전체 세부 정보,뉴로핏,서울 강남구,https://kr.indeed.com//rc/clk?jk=10785454113365b0&bb=tGJAs0hr02MO-b8kxw5dyhvxGtpZ-hIGTye7E7bWaiJ-i_KJfYd7xIGrK9X4GbYM&xkcb=SoDE67M3Hgti-GTk4Z0NbzkdCdPP&fccid=23cbc8f59060f439&vjs=3
++렉스코드 백엔드 개발자 ++의 전체 세부 정보,렉스코드,서울 서초구,https://kr.indeed.com//rc/clk?jk=9121c5aa8075bfa3&bb=0i3iNTQWFGlCjN0hGShfi6v1z-ZX1hUisv1hBdLl0O6qEM1Avwy5HETJcKl11-jG&xkcb=SoAP67M3Hgti-Gzk4Z0KbzkdCdPP&fccid=005cc3e287692b67&vjs=3
[신입] SW개발 엔지니어의 전체 세부 정보,빔피어스,서울 서초구,https://kr.indeed.com//rc/clk?jk=e6bf09802e2b96f9&bb=g4EzcW8JcDBa8WhjsbpZNxk0u-43Hjx_LvHh3SgyUYvV4HvLm_PTIzCh8rjMl6FF&xkcb=SoDN67M3Hgth42gdir0KbzkdCdPP&fccid=81731418366e952e&vjs=3
서버 엔지니어 (Python)의 전체 세부 정보,페이히어,서울 강남구,https://kr.indeed.com//rc/clk?jk=0e5ff08f4d3c963f&bb=61SHEO_3lzgwCb-zzXNCFzjhUjLj80ikDYVtpLfkAjOg0PTJvweag9cHje9E5uNb&xkcb=SoB767M3Hgth4xAdir0KbzkdCdPP&fccid=254f50a1adb01cad&vjs=3
Industrial Engineer의 전체 세부 정보,보잉코리아,서울 강남구,https://kr.indeed.com//rc/clk?jk=87ed24d3ce42b142&bb=61SHEO_3lzj1bDj9-3aypbKQAdhiYJZkqMMljHPgttw0Y3y831LWL7PAQzi9LRuN&xkcb=SoBS67M3Hgth4xAdir0IbzkdCdPP&fccid=e9f9929a39dc8bd4&vjs=3
딥러닝 AI 개발 연구원의 전체 세부 정보,베이리스,성남 수정구,https://kr.indeed.com//rc/clk?jk=87309d3ff40ead61&bb=61SHEO_3lzj6IY-wfnaOrS0ZUxTzxrJuJP_2w_cVTzfkSmNw7K2lngjJYwal9fw-&xkcb=SoBo67M3Hgth4xAdir0ObzkdCdPP&fccid=ce871e9e4a9f430a&vjs=3
Data/Machine Learning Engineer (신입)의 전체 세부 정보,플리토,서울 강남구,https://kr.indeed.com//rc/clk?jk=5ab0b45dfa93411b&bb=V51O3hJoRirFzhz06o4TeziFmhHbYhecmtNRdtGUbB8ll91WldW940dLcvnXUpeR&xkcb=SoA-67M3Hgth4xgdir0KbzkdCdPP&fccid=01aed038bcce2a5f&vjs=3
[신입]Python 개발자 및 DevOps 엔지니어의 전체 세부 정보,에이티지,서울 금천구,https://kr.indeed.com//rc/clk?jk=649704d63fc59e5d&bb=V51O3hJoRirLY6hBb6942IQ-YjljYYOOp95wIRme1FDmdkBMwDB82IM2lcWtrETQ&xkcb=SoAX67M3Hgth4xgdir0IbzkdCdPP&fccid=ec869665f4db5d22&vjs=3
[SDV] Data Scientist[연구원 책임연구원]의 전체 세부 정보,현대자동차그룹,서울 강남구,https://kr.indeed.com//rc/clk?jk=020aee8f471db6e8&bb=V51O3hJoRiprIStgLj3HlFipwKqrFQhg9vEOmlWA8d4nkDOagUOyOf_lKuUU7Qmi&xkcb=SoAt67M3Hgth4xgdir0ObzkdCdPP&fccid=980d6ecc399a3373&vjs=3
데이터 엔지니어 (+분석가)의 전체 세부 정보,토이스미스,서울 강남구,https://kr.indeed.com//rc/clk?jk=d8f4680a6018ca9c&bb=iyeEtYRYO1QjDAMPEYn3tKLNL5ed_uJycQPfsi5voJF-LBhur0tsUNNSI6qP5_gV&xkcb=SoCw67M3Hgth4wAdir0KbzkdCdPP&fccid=008985cb11d73d3d&vjs=3
Data Engineer (레이지나잇)의 전체 세부 정보,무신사,서울 성동구,https://kr.indeed.com//rc/clk?jk=88ba1eef225a7727&bb=iyeEtYRYO1SoazTp-5_8JbmK5MSgbyiEILeJ7F9MHUPIK5UvBeOCc1Ipp8o7vp6x&xkcb=SoCZ67M3Hgth4wAdir0IbzkdCdPP&fccid=a21230b40394711d&vjs=3
개발자 - Python 서버 프로그램 개발의 전체 세부 정보,바인테크,서울 송파구,https://kr.indeed.com//rc/clk?jk=4cc15c26097421c5&bb=iyeEtYRYO1QLZq8J7OhYme3zsn_zdtBXPSka_8jyksKBovIPeWgfB596Ir33GXpA&xkcb=SoCj67M3Hgth4wAdir0ObzkdCdPP&fccid=aef44811e748bebe&vjs=3
IC Design Engineer 외 신입/경력의 전체 세부 정보,세미브레인,서울 강남구,https://kr.indeed.com//rc/clk?jk=f013ae24682e3a75&bb=_d-rl2PQH6A13x5n8q3jEQDbhO8i_uYgymGDArAV6iVIWVYGDtSx-jSoOidi9m3I&xkcb=SoD167M3Hgth4wgdir0KbzkdCdPP&fccid=9be06fb350ae1c28&vjs=3
데이터표준품질부문 경력 (정규직)의 전체 세부 정보,한국정보기술단,서울 강남구,https://kr.indeed.com//rc/clk?jk=d927945807f61201&bb=_d-rl2PQH6BhDA3NKrDEj4QVksvegh65dNBFd-Wj7vJtC4S3c4jCWNcn3fY_APYW&xkcb=SoDc67M3Hgth4wgdir0IbzkdCdPP&fccid=99925e8e7b9604cc&vjs=3
감사부문 감사지원팀 데이터분석 인턴의 전체 세부 정보,EY,서울 영등포구,https://kr.indeed.com//rc/clk?jk=6583ae3760b05eeb&bb=_d-rl2PQH6BsiNSgUM8KquERNEZKnyeNkpoOwbBwDITL2XH1LED9_VLsjs5GjqSx&xkcb=SoDm67M3Hgth4wgdir0ObzkdCdPP&fccid=1544766d4c2915b0&vjs=3
OpenCV/MATLAB/TensorFlow/Python/C/C++/Linux 알고리즘 엔지니어의 전체 세부 정보,포디아이비젼,서울 서초구,https://kr.indeed.com//rc/clk?jk=d0b51e0ac0627a8c&bb=_d-rl2PQH6A6-oQ9MF34bcVim8mAtMiDANXn27lWBLr8uESXddKLLpf6ni_dEdDi&xkcb=SoDP67M3Hgth4wgdir0MbzkdCdPP&fccid=7ad65436e7af0a31&vjs=3
Deep Learning Researcher (Intern)의 전체 세부 정보,Qualcomm,서울,https://kr.indeed.com//rc/clk?jk=701e887d6f3eb831&bb=0q7aB4_sD77tCcRBZ5Lh-yJtHktv46F0szrmOSjaS9zNYwI9v_fPrHxd8Ha1Xwvn&xkcb=SoCs67M3Hgth4zAdir0KbzkdCdPP&fccid=d40ebe11fc879426&vjs=3
[NAVER Cloud] Vision LLM 모델 개발 위한 데이터 업무 인턴십 (체험형)의 전체 세부 정보,네이버클라우드,성남 분당구,https://kr.indeed.com//rc/clk?jk=fb9e59b8a90419fe&bb=N2WFNERn97QWEh1-wg_8c6l1IABP1roOGpCufSa_GKdNIHZOR-oxyBdFWwT03ifA&xkcb=SoCt67M3Hgtgiv2caB0LbzkdCdPP&fccid=54815931228b42c0&vjs=3
2024년 상반기 연구개발직무 인턴의 전체 세부 정보,볼보그룹코리아,창원 성산구,https://kr.indeed.com//rc/clk?jk=a5b1818cc2ffdc03&bb=N2WFNERn97TsmdLs0ciXN8UOm21IMhphk1cRqp55L6v-cfv2Q9myD7zpPdl39Ihl&xkcb=SoAw67M3Hgtgiv2caB0IbzkdCdPP&fccid=c0dd96ea3ee1094f&vjs=3
기술 인턴 인공��능 응용 연구/개발 인턴의 전체 세부 정보,써로마인드로보틱스,서울 관악구,https://kr.indeed.com//rc/clk?jk=71c47ac87bb4087e&bb=Z0KMp45rgQ1F5cXqrXhy0_z9k8NbYP-6D_Czc0mOX4HKu5MVtqQLz3jrmC1Vnbve&xkcb=SoCX67M3HgtgiuWcaB0KbzkdCdPP&fccid=230e414668234579&vjs=3
국내 대기업 - 고객 데이터분석 포지션의 전체 세부 정보,라피플코리아리미티드,서울,https://kr.indeed.com//rc/clk?jk=75c348600e4ba140&bb=Z0KMp45rgQ2oC1Z1RDEsNHktu3q_8rYczf9SD3c4adU91Rf2DwxprErmU7q8T-th&xkcb=SoC-67M3HgtgiuWcaB0IbzkdCdPP&fccid=28f5722fca6f5b12&vjs=3
[보안 컨설팅] 수준높은 취약점 진단 모의해킹 컨설턴트 신입/경력 정규직 병특의 전체 세부 정보,인더포레스트,서울 강남구,https://kr.indeed.com//rc/clk?jk=99d4c13cfc94b4ce&bb=Z0KMp45rgQ2VHGt8ePuKJKGYUYrJZehS4425qhPuchmOft9InbCWvj8Q-DuNOnzO&xkcb=SoCE67M3HgtgiuWcaB0ObzkdCdPP&fccid=ce9fe2ef8b14b631&vjs=3
Strategic Data Analyst의 전체 세부 정보,JTI - Japan Tobacco International,서울,https://kr.indeed.com//rc/clk?jk=1b202e41da8ab4b4&bb=nVjWz2AHfZumqZgBYnN7wAzwLyM9QTCnQ5yiSJf6v4pOT9MuKHVa5rasctGHrhCf&xkcb=SoDS67M3Hgtgiu2caB0KbzkdCdPP&fccid=09dc3054e100db9a&vjs=3
[홈페이지지원] 2023년 신입·경력 중의 전체 세부 정보,사이냅소프트,서울 강서구,https://kr.indeed.com//rc/clk?jk=c0cd7991573c901d&bb=nVjWz2AHfZtuCh7T6W71BAFwGRaso5ZvnGC02zfn8AvpOQP7rlfQlI6AKoIMe-fN&xkcb=SoD767M3Hgtgiu2caB0IbzkdCdPP&fccid=0673ca84bc014599&vjs=3
딥러닝 연구개발자 (서울근무)의 전체 세부 정보,딥인스펙션,서울 송파구,https://kr.indeed.com//rc/clk?jk=a3aaffa6ff1225b2&bb=nVjWz2AHfZtskLuzgoZctDwWNK3UfhE7jlEjmNCGllGtQaSFTmGqqTKj6uUvRNiN&xkcb=SoDB67M3Hgtgiu2caB0ObzkdCdPP&fccid=c5de7e4571bb1a5a&vjs=3
[데브시스터즈] Data Platform Software Engineer (Senior/Junior)의 전체 세부 정보,데브시스터즈,서울 강남구,https://kr.indeed.com//rc/clk?jk=d832eb50f24e4587&bb=nVjWz2AHfZuRaqrsBePRcJDUrYXCgGHVa1RYm16isXRfQNjM-L2SvsS0-_8_2he_&xkcb=SoDo67M3Hgtgiu2caB0MbzkdCdPP&fccid=58a9a803698a0afd&vjs=3
2023년 하반기 부문별 [가상현실 엔지니어/AI 엔지니어]의 전체 세부 정보,실리콘스튜디오코리아,서울 강남구,https://kr.indeed.com//rc/clk?jk=6d1e4a3b652681b9&bb=36UvakLiX3XDCxuqN4n1QKEMwusLga4f7WB_6nyYN2gVNLBCBHLU8KoTHRu-kXYZ&xkcb=SoBk67M3HgtgipWcaB0KbzkdCdPP&fccid=b6b35101788195f6&vjs=3
인공지능 솔루션 (AI Solution) 개발의 전체 세부 정보,카이어,서울 서초구,https://kr.indeed.com//rc/clk?jk=891485cc2a8e6779&bb=36UvakLiX3Vrgvb_zewzguiDHLU2DgD1FxMTFPdBUDEW_cMPiNriPCMjAcwQbxJS&xkcb=SoBN67M3HgtgipWcaB0IbzkdCdPP&fccid=908ef26c4dd7595f&vjs=3
퍼즐데이터 역량있는 데이터 분석가의 전체 세부 정보,주식회사퍼즐데이터,서울 역삼동,https://kr.indeed.com//rc/clk?jk=116009dbf59211ed&bb=WqsfkROfmOWuRf0GmBW8j8EiNj9EHZkr6EO4sWGJZkxK04cE_E3PTjMcEd7n9qPZ&xkcb=SoAh67M3Hgtgip2caB0KbzkdCdPP&fccid=bbae7241cc714540&vjs=3
8퍼센트 개발자 (신입/경력)의 전체 세부 정보,8퍼센트,서울 종로구,https://kr.indeed.com//rc/clk?jk=8af26b37623864c4&bb=WqsfkROfmOW0NicB2MajcCVFtT3eIlIvszJoR90p5vHlXtJ0yCiQB1dulouGzih4&xkcb=SoAI67M3Hgtgip2caB0IbzkdCdPP&fccid=ac216a9ae7b75c06&vjs=3
Data Scientist – BCG X의 전체 세부 정보,Boston Consulting Group,서울,https://kr.indeed.com//pagead/clk?mo=r&ad=-6NYlbfkN0Ad1FFWZOsBBwBZDGouyCcICeLSd3pQct3wJ1q5dPO7JCLxsMmJvGzlhLVyd7EPh8Brywd80BEW4N0g3twWnhAbIMsIgs3fjdeAl5-U8x-TEW3Aw6ZEaCaqq_MqBJ89LtkmHt9nmkmIcu0xvWO4UbRY9n1eyJ_OmjoZTdoQp9aSH_O1yQmChDppqXTmL9fyrDxGUtXMGC7SURokpMlLeMlITAK1CKaNenjMkII-HD_ZiWYFHIyuW2cV26PJbiiB-nSl6OvkpMokTtzpDnNsvPdFnq1XO288dB-2mJ0DW4ZMXogubSetDXWd23NawlkPIeQmtNPCdgF2WEgTUO-rIty9nMM2A_NQn8vGAnrGsIPg6l2vaIs_UmSVW5ORilWkDp8WIljIE8YIvnCUJiEypDMRSDWUmXh32IfWmgKTnLkU1HYS_9uJtTnn_-mmqBzW335GRt3DiK_9dgI78sS1nMksK894DdFxaOcoANdol6VAjv9n-_TWZ4sPBEujO3tn-bHbaLy8cv_NveapipqFACD0NFi--hahIEx6E5zV3IPRfL0x8UxyoIJaIAgXznPdZQ-nvGJQNLqRC1mCtGPyDClJi383Iv0PHIrbXww24skbkdOkTjopXhGmmmBbAMGcMN09e00Phgr983n0IJjIEEWOHOxwJI1txtWe01ujI_kjdtnq4SxpFWmLij-cwYT2ldC38JEDuQqQSzfIVTXPO_cLG0FAskUgoEslArpX6DGQW6P71bpDD8iz6g7pwrwNPXoCpUpC0vv8_hrJLiz7Xi6IleVur0dP2TBf521qywOWgD1MfmMVjagMXJ55vqn6SY00JR2w6IQMpt3FAOJ4KE5vPvIjJd4DdRFfK2VzGKXjW_Jg_aBy3QBzKRIashJXJHYTJhtMJF-MgI-GMywxj7bDnw6sQHktHpkUd4mJwFAtUvt8HfDJ7mgkgABatEZVn52dAT6vxos7lDpweiMF9ZApW3M1m-yhMUJIkePPOGcfwApZLANm79PD_BBiUeV4IKA5sUUghByylqjOfL0ekYhcxwANoIaKGQaBqsxxxvHB_y2uSmKeKFJgM2-MknhNYoxyfriM5zohi4dnIj1gdLHZj9Aqsx_ABYHd59-X5jUhWgDPZoxxhc5Ge3-9pkTNxGezhWWDlMtuiTz9MVnZTG52b8-Yp122pci3WlMpoNnn6uGfuEaQzai2Fvyv6bYECC4tstly5C-hKXs9l5F6zAWUTHeQQf8Kg4yxuZv607DtW4WU2iKHyYgpL98vs_AKhSibg4_WQ6osOHSLYYHvSn0s&xkcb=SoCd6_M3HgtglO2Xph0GbzkdCdPP&p=13&fvj=0&vjs=3
[전액무료] LLM 활용 인공지능(NLP) 서비스 개발자 양성과정의 전체 세부 정보,솔트룩스,서울,https://kr.indeed.com//rc/clk?jk=0f7cbfb6a343fa5b&bb=FSAXp4nt_BxX3o3KGwr1MRel-pRQwyoYgzmh0nZjiosLzGygz-WvmDpz8WEpvPbv&xkcb=SoAb67M3HgtgioWcaB0LbzkdCdPP&fccid=eb74805cb9fd733e&vjs=3
웹개발 백엔드 외 신입/경력 정규직의 전체 세부 정보,코인챗,서울 강남구,https://kr.indeed.com//rc/clk?jk=e3f3b7e2103d9bc7&bb=oyE21l5yAuxsgFNRxyOI_5T7QRhImE9qFmWuJ8mM-FYksdcLbwERZZYlMia3ZL52&xkcb=SoDP67M3Hgt_upzUAZ0LbzkdCdPP&fccid=e60f835b4d91f8e6&vjs=3
[인텔리전스랩스] 데이터 분석가 (마케팅)의 전체 세부 정보,Nexon,경기도 성남,https://kr.indeed.com//rc/clk?jk=aec83962a6b7ff50&bb=sRhYF3wUvSITyo2Nl7i2W3DIagl4QVfcrWsd1a6My-ApMeEn0BOBcisRIKgyJxdn&xkcb=SoD167M3Hgt_uoTUAZ0KbzkdCdPP&fccid=aba87288e4cc3687&vjs=3
[전액 무료] 빅데이터 기반 AI 응용 솔루션 개발자 전문과정의 전체 세부 정보,중앙정보처리학원,서울 마포구,https://kr.indeed.com//rc/clk?jk=79897487ea9aed19&bb=sRhYF3wUvSJ7T2AY5zYZN-4Pw38aJGeJUCBx0ALeGM3vTSSXNs7vlEBufYp6xFBW&xkcb=SoDc67M3Hgt_uoTUAZ0IbzkdCdPP&fccid=2f25bb139639ef63&vjs=3
[] 데이터 엔지니어 Data Engineer의 전체 세부 정보,알라딘커뮤니케이션,서울 중구,https://kr.indeed.com//rc/clk?jk=5a232509d9e6794d&bb=sRhYF3wUvSLjiyxgkqtz1f3cvTfhqFdZdsNrt3QSrjRrOta6DHAayMvJWnNZvPxB&xkcb=SoDm67M3Hgt_uoTUAZ0ObzkdCdPP&fccid=51edebdc5e4c842a&vjs=3
빅데이터분석 담당자 in 자원순환 모바일 앱 스타트업의 전체 세부 정보,그레이프 파트너즈,서울 성동구,https://kr.indeed.com//rc/clk?jk=5dd25746d945e947&bb=qbD5IYFVYs8VSLd9CAQyZrh7FIrneRzU1Cq5Qg_hpsv9Vs2xVSs6zFDJayY6b7Wy&xkcb=SoCw67M3Hgt_uozUAZ0KbzkdCdPP&fccid=e4111ad0459bc402&vjs=3
NLP 엔지니어 (Natural Language Processing developer)의 전체 세부 정보,브랜드인게이지먼트네트워크인크,서울 중구,https://kr.indeed.com//rc/clk?jk=512ea7785830e3d6&bb=qbD5IYFVYs9Cb6ZHZtJAfw4oF8qJluSHH8m4wrnZSFj2vxsJfkD-RiPSwGQliPTm&xkcb=SoCj67M3Hgt_uozUAZ0ObzkdCdPP&fccid=f23a41cb201e2ca6&vjs=3
AI SW 개발-NLP 경력 채용의 전체 세부 정보,한화그룹,서울,https://kr.indeed.com//rc/clk?jk=9555d35f27eec3bf&bb=qbD5IYFVYs8kosVfjBd0itkHymzEYkx7jWGFMbnU1dduXpPDC-u6eN47koa8z4C6&xkcb=SoCK67M3Hgt_uozUAZ0MbzkdCdPP&fccid=bd0dc1817223394f&vjs=3
Associate AI/ML Software Engineer의 전체 세부 정보,BOEING,서울,https://kr.indeed.com//rc/clk?jk=ecf535d2a2ad0ba9&bb=i6d0pCFfI-Z7fdfCGaVY_LDiy_m0y8CKZGrNZfa5-HiNE0cXLchhXHD7qWxkUzyk&xkcb=SoDp67M3Hgt_urTUAZ0KbzkdCdPP&fccid=edae4285faf6c2f0&vjs=3
파이썬 백엔드 엔지니어(Python Backend Engineer)의 전체 세부 정보,Dunamu,서울,https://kr.indeed.com//rc/clk?jk=272637ad170fe32c&bb=i6d0pCFfI-aHA-8scYrsqwVq13eb7LADxTLoSgZSDz4BH0LW3zxRPkMgsH0cEIL8&xkcb=SoDA67M3Hgt_urTUAZ0IbzkdCdPP&fccid=54c9c086b03b7cdc&vjs=3
클라우드 기반 디지털 플랫폼 프론트엔드 개발자 채용(계약직)의 전체 세부 정보,한화그룹,서울,https://kr.indeed.com//rc/clk?jk=dc78c68281c541ab&bb=i6d0pCFfI-Y1t297ubLzu0t0y3q_jfj9_Ds59PYCMPFcjJ6mdtnYt8S2PJpVVPP8&xkcb=SoD667M3Hgt_urTUAZ0ObzkdCdPP&fccid=bd0dc1817223394f&vjs=3
Machine Learning R&D 연구원의 전체 세부 정보,카이어,서울 서초구,https://kr.indeed.com//rc/clk?jk=19da3484bd7a72f1&bb=i6d0pCFfI-a2GSJ0xkGQV_HnVbj7eJw5P1C-pDnYy6GOhr4VZKSgTrImIqr3zhuD&xkcb=SoDT67M3Hgt_urTUAZ0MbzkdCdPP&fccid=908ef26c4dd7595f&vjs=3
가상자산 리서치 및 평가업무의 전체 세부 정보,블록투리얼,서울 강남구,https://kr.indeed.com//rc/clk?jk=6fd71d498febb72f&bb=mr1j4kDoiI9Nh0z0_ink_gH5EHOysbqHDrjMEgpslXqMpsGX6gdV74eLNJhTtkND&xkcb=SoCs67M3Hgt_urzUAZ0KbzkdCdPP&fccid=a0245242cd542697&vjs=3
Software Engineer - Motion Planning and Control의 전체 세부 정보,서울로보틱스,서울 서초구,https://kr.indeed.com//rc/clk?jk=82b2c46e6b7a6f64&bb=mr1j4kDoiI9UFYcQRAekeN2aV1mYrfPrpY-_xQVOEhFFhZ0E4ITlf0ULxJ8eEHgY&xkcb=SoCF67M3Hgt_urzUAZ0IbzkdCdPP&fccid=e5516ef2ea4947f5&vjs=3
Machine Learning Researcher (Computer Vision)의 전체 세부 정보,BOEING,서울,https://kr.indeed.com//rc/clk?jk=488af8c351d5faf6&bb=mr1j4kDoiI-glxcwpq6qWIQ1jj8-__qNgDdLYSO-LA3ZUAaSA6MdhJdBWVvgSj8k&xkcb=SoC_67M3Hgt_urzUAZ0ObzkdCdPP&fccid=edae4285faf6c2f0&vjs=3
디지털 포렌식 정규전환형 인턴의 전체 세부 정보,EY,서울 영등포구,https://kr.indeed.com//rc/clk?jk=ebb8d253418bdac5&bb=OF5f4QIwtisj10D577sTxPHmNwBFPKIjrzk4EtIjW2LMzRdLdSs4tI2BvIinKZdQ&xkcb=SoAi67M3Hgt_uqTUAZ0KbzkdCdPP&fccid=1544766d4c2915b0&vjs=3
프론트엔드/백엔드 개발자 상시의 전체 세부 정보,에스디에이에이,서울 성동구,https://kr.indeed.com//rc/clk?jk=5505541f4c619808&bb=AWnvIx_Tnqku7vCNu5e0nnN2hgd66NjFTBKRfvRzVzL41FovdZSCnWW2FyZYyAoO&xkcb=SoDy67M3Hgt-Ud2caB0LbzkdCdPP&fccid=70843328026d7cd5&vjs=3
AI 연구개발자 전문연구요원(병역특례)의 전체 세부 정보,라이트비전,서울 성동구,https://kr.indeed.com//rc/clk?jk=6294b618df66c2aa&bb=AWnvIx_TnqkTEPlkq35jXnSAw73Z_1wkclvUEIarA8ojA_HlVFk4JNacUN-aqAmb&xkcb=SoDb67M3Hgt-Ud2caB0JbzkdCdPP&fccid=e391d8e930358bac&vjs=3
AI 개발자 얼굴인식/ 피부질환 진단 솔루션 개발의 전체 세부 정보,룰루랩,서울 강남구,https://kr.indeed.com//rc/clk?jk=b867f0e4b8bbf14a&bb=N2SUlxM5bfMmfAZecwfu8L9Ac3hUpEtiuJiEcQ87h3AryjngUUWWfAnw5qb9lzRh&xkcb=SoDI67M3Hgt-UcWcaB0KbzkdCdPP&fccid=aa1750cccb46aeae&vjs=3
데이터 분석가의 전체 세부 정보,파이프트리스마트팜,서울 송파구,https://kr.indeed.com//rc/clk?jk=d49618d656468d9b&bb=N2SUlxM5bfNYIKyU9pQRzYBANw54kZI5yNf3GQdq9NbsVdtV9_n4qgj7ek3Gn1RS&xkcb=SoDh67M3Hgt-UcWcaB0IbzkdCdPP&fccid=91264d1b241643c2&vjs=3
백엔드개발자 모바일앱 개발자 블록체인 개발자 신입의 전체 세부 정보,와이즈텍,서울 용산구,https://kr.indeed.com//rc/clk?jk=52049395e06b34cb&bb=N2SUlxM5bfMiRyN2cgSXp5Ly-ZYxp_rhUJ-t9G26AH3-_ba3ZYDL5iALmR1VR_bL&xkcb=SoDb67M3Hgt-UcWcaB0ObzkdCdPP&fccid=8b01882cef0e8002&vjs=3
[전문연구요원] 의료영상 리서치 엔지니어 정규직의 전체 세부 정보,메디픽셀,서울 마포구,https://kr.indeed.com//rc/clk?jk=3544467a7b64376f&bb=Fq_ZlXiaYBGgRcFdkgXb6PpqXdi9yQeLUQPu7GbQBqXE79nw8zeoxACSGVlXF9v_&xkcb=SoCN67M3Hgt-Uc2caB0KbzkdCdPP&fccid=aba88c202493b8a5&vjs=3
Python 분석 인원 정규직 채용의 전체 세부 정보,(주)스마트모빌러티 관심기업,서울 휘경동,https://kr.indeed.com//rc/clk?jk=5e761f105a377ae8&bb=Fq_ZlXiaYBGcUJb7nxgRADsOeRcZNwte23-VSiICTR4nw4uU59yOFZTPPACKzEXy&xkcb=SoCk67M3Hgt-Uc2caB0IbzkdCdPP&fccid=307824036b9dcb17&vjs=3
[이젠아카데미 강남] 자바(JAVA)웹개발 강사/ 빅데이터 과정 강사/ R기반 빅데이터 분석&시각화 강사의 전체 세부 정보,이젠아카데미,서울 서초구,https://kr.indeed.com//rc/clk?jk=95e252817131d58b&bb=a0-xkgPRdiipIVwx-o9LxOWHZiDrcSZzgSPCF-RND4kGeihgNwf5dhhpV-qIuuky&xkcb=SoDU67M3Hgt-UfWcaB0KbzkdCdPP&fccid=f0e3ec0fd39c0819&vjs=3
[크라우드웍스] NLP 엔지니어 (상시)의 전체 세부 정보,크라우드웍스,서울 강남구,https://kr.indeed.com//rc/clk?jk=34a68c538b336415&bb=a0-xkgPRdijUBmePIvvzHztd-gJv94qoPoyaIMlK8y5Mitl7SIrAcIID11GhiAE5&xkcb=SoD967M3Hgt-UfWcaB0IbzkdCdPP&fccid=a4d8989a0ef28313&vjs=3
국내 대기업 계열 금융회사 - 리스크 모델러의 전체 세부 정보,엑스다임,서울,https://kr.indeed.com//rc/clk?jk=f285d1b9f3dbc015&bb=GQP7m1Jc-pGvSKcHnlcvwNU91we3zRxSZNQKv5SKiRS_Spas2Z1WBTKDXrAn1hBC&xkcb=SoCR67M3Hgt-Uf2caB0KbzkdCdPP&fccid=3206ec9d182fb07f&vjs=3
[(주)소프트랩스] 백엔드/ 프론트엔드/ 기획자 / 웹 개발자/ 웹앱 기획자의 전체 세부 정보,소프트랩스,서울 금천구,https://kr.indeed.com//rc/clk?jk=16e605c508eff98a&bb=GQP7m1Jc-pE8M0XcIMrt4dWahbW0k9nH58tXKV7kO9T8iBBsNb8GxcmL0MbIE5pV&xkcb=SoC467M3Hgt-Uf2caB0IbzkdCdPP&fccid=5693dea15fa48296&vjs=3
[스펠릭스] 웹 백엔드 개발자 정규직 (신입/경력)의 전체 세부 정보,스펠릭스,용인 기흥구,https://kr.indeed.com//rc/clk?jk=aaf95638f8fa8150&bb=MTL1GvdsS57ZzlfIVN-ZvOb3h5zf6WV-mYhXU997lRJDYQryIeArvEb7P_T222SV&xkcb=SoAf67M3Hgt-UeWcaB0KbzkdCdPP&fccid=03af3eb9ca1a431a&vjs=3
글로벌 AI Robotics 알고리즘 개발자의 전체 세부 정보,엘마르코리아,서울 서초구,https://kr.indeed.com//rc/clk?jk=41e2762c66bda9c6&bb=MTL1GvdsS56rqdcBLFidC4nxc9k2iYHUhBtPS3-p_IzhsgDaEj7WUXzlq85dsIef&xkcb=SoA267M3Hgt-UeWcaB0IbzkdCdPP&fccid=ae8d7dc5367e86f1&vjs=3
[대기업] 데이터분석가 경력 (대리~과장급 2명)의 전체 세부 정보,에이치알니즈,서울,https://kr.indeed.com//rc/clk?jk=b2eb1fe78ff9ee5f&bb=y8GXiZwt9xPLFPsNvz6VHt8KVIaU2IGWd6pMSxB11djoJgKtkdXWV043lna3Xv9Q&xkcb=SoBa67M3Hgt-Ue2caB0KbzkdCdPP&fccid=b8c1027d6dda0525&vjs=3
[코스메틱] 감성연구팀 평가법 개발의 전체 세부 정보,제이앤파트너즈코리아,성남 분당구,https://kr.indeed.com//rc/clk?jk=3b7257145eda88d5&bb=y8GXiZwt9xMgT5HUNPOFJ0W_yZCUdbAX_QMRsrOHwgEmtNNPrJxvjZu9TcTp6L6i&xkcb=SoBz67M3Hgt-Ue2caB0IbzkdCdPP&fccid=f42c79dbecd0cc7b&vjs=3
Senior Open Source Developer & DevOps (Python  Django  React  AWS/OpenStack),OpenCraft,Anywhere in the World,https://weworkremotely.com//remote-jobs/opencraft-senior-open-source-developer-devops-python-django-react-aws-openstack
